"id","text","completed","due","priority","category"
"1","makeup","true","07/29/2021","2","lalala"
"2","running","true","","1","lala"
"3","road trip","false","","3","bos-sv"
"4","makeup","false","07/30/2021","1","lalala"
"5","may it be","false","08/02/2021","2","lalala"
"6","makeup","false","07/29/2021","2","lalala"
"7","running","false","","1","lala"
"8","road trip","false","","3","bos-sv"
"9","makeup","false","07/30/2021","1","lalala"
"10","may it be","false","08/02/2021","2","lalala"
"11","makeup","false","07/29/2021","2","lalala"
"12","running","false","","1","lala"
"13","road trip","false","","3","bos-sv"
"14","makeup","false","07/30/2021","1","lalala"
"15","may it be","false","08/02/2021","2","lalala"
"16","makeup","false","07/29/2021","2","lalala"
"17","running","false","","1","lala"
"18","road trip","false","","3","bos-sv"
"19","makeup","false","07/30/2021","1","lalala"
"20","may it be","false","08/02/2021","2","lalala"
"21","makeup","false","07/29/2021","2","lalala"
"22","running","false","","1","lala"
"23","road trip","false","","3","bos-sv"
"24","makeup","false","07/30/2021","1","lalala"
"25","may it be","false","08/02/2021","2","lalala"
"26","makeup","false","07/29/2021","2","lalala"
"27","running","false","","1","lala"
"28","road trip","false","","3","bos-sv"
"29","makeup","false","07/30/2021","1","lalala"
"30","may it be","false","08/02/2021","2","lalala"
"31","makeup","false","07/29/2021","2","lalala"
"32","running","false","","1","lala"
"33","road trip","false","","3","bos-sv"
"34","makeup","false","07/30/2021","1","lalala"
"35","may it be","false","08/02/2021","2","lalala"
"36","makeup","false","07/29/2021","2","lalala"
"37","running","false","","1","lala"
"38","road trip","false","","3","bos-sv"
"39","makeup","false","07/30/2021","1","lalala"
"40","may it be","false","08/02/2021","2","lalala"
